City,Year,Month,Cloud_Cover
Delhi,2015,1,44.6
Delhi,2015,2,35.9
Delhi,2015,3,26.0
Delhi,2015,4,29.8
Delhi,2015,5,17.6
Delhi,2015,6,43.0
Delhi,2015,7,71.2
Delhi,2015,8,72.2
Delhi,2015,9,55.7
Delhi,2015,10,49.1
Delhi,2015,11,43.4
Delhi,2015,12,41.7
Delhi,2016,1,37.5
Delhi,2016,2,35.2
Delhi,2016,3,34.1
Delhi,2016,4,28.4
Delhi,2016,5,23.3
Delhi,2016,6,47.8
Delhi,2016,7,70.7
Delhi,2016,8,73.3
Delhi,2016,9,64.4
Delhi,2016,10,47.2
Delhi,2016,11,46.7
Delhi,2016,12,44.7
Delhi,2017,1,35.7
Delhi,2017,2,36.5
Delhi,2017,3,27.3
Delhi,2017,4,26.0
Delhi,2017,5,22.7
Delhi,2017,6,48.6
Delhi,2017,7,72.7
Delhi,2017,8,76.9
Delhi,2017,9,62.2
Delhi,2017,10,47.9
Delhi,2017,11,42.1
Delhi,2017,12,44.7
Delhi,2018,1,41.6
Delhi,2018,2,34.4
Delhi,2018,3,28.4
Delhi,2018,4,22.6
Delhi,2018,5,17.4
Delhi,2018,6,49.9
Delhi,2018,7,72.3
Delhi,2018,8,73.3
Delhi,2018,9,63.8
Delhi,2018,10,46.4
Delhi,2018,11,40.8
Delhi,2018,12,41.7
Delhi,2019,1,43.6
Delhi,2019,2,33.5
Delhi,2019,3,31.7
Delhi,2019,4,22.8
Delhi,2019,5,16.1
Delhi,2019,6,43.8
Delhi,2019,7,74.3
Delhi,2019,8,78.7
Delhi,2019,9,60.1
Delhi,2019,10,52.6
Delhi,2019,11,47.0
Delhi,2019,12,44.8
Delhi,2020,1,35.7
Delhi,2020,2,32.0
Delhi,2020,3,33.6
Delhi,2020,4,21.6
Delhi,2020,5,23.2
Delhi,2020,6,40.5
Delhi,2020,7,70.5
Delhi,2020,8,79.4
Delhi,2020,9,57.1
Delhi,2020,10,46.5
Delhi,2020,11,49.5
Delhi,2020,12,43.6
Delhi,2021,1,38.8
Delhi,2021,2,37.1
Delhi,2021,3,27.5
Delhi,2021,4,20.9
Delhi,2021,5,19.3
Delhi,2021,6,48.5
Delhi,2021,7,74.4
Delhi,2021,8,72.5
Delhi,2021,9,64.3
Delhi,2021,10,46.6
Delhi,2021,11,47.6
Delhi,2021,12,35.7
Delhi,2022,1,42.0
Delhi,2022,2,30.3
Delhi,2022,3,31.9
Delhi,2022,4,30.0
Delhi,2022,5,20.8
Delhi,2022,6,47.8
Delhi,2022,7,65.8
Delhi,2022,8,78.6
Delhi,2022,9,59.9
Delhi,2022,10,47.8
Delhi,2022,11,45.2
Delhi,2022,12,39.9
Delhi,2023,1,38.3
Delhi,2023,2,32.9
Delhi,2023,3,34.9
Delhi,2023,4,23.0
Delhi,2023,5,16.5
Delhi,2023,6,42.5
Delhi,2023,7,70.2
Delhi,2023,8,76.4
Delhi,2023,9,59.8
Delhi,2023,10,45.8
Delhi,2023,11,44.1
Delhi,2023,12,43.3
Delhi,2024,1,35.3
Delhi,2024,2,38.0
Delhi,2024,3,32.4
Delhi,2024,4,24.0
Delhi,2024,5,16.0
Delhi,2024,6,46.9
Delhi,2024,7,70.2
Delhi,2024,8,72.2
Delhi,2024,9,57.6
Delhi,2024,10,48.9
Delhi,2024,11,49.6
Delhi,2024,12,37.6
Mumbai,2015,1,35.8
Mumbai,2015,2,29.3
Mumbai,2015,3,24.8
Mumbai,2015,4,21.9
Mumbai,2015,5,14.9
Mumbai,2015,6,33.7
Mumbai,2015,7,57.6
Mumbai,2015,8,69.8
Mumbai,2015,9,50.8
Mumbai,2015,10,46.8
Mumbai,2015,11,38.7
Mumbai,2015,12,30.5
Mumbai,2016,1,32.1
Mumbai,2016,2,27.2
Mumbai,2016,3,21.0
Mumbai,2016,4,19.7
Mumbai,2016,5,17.0
Mumbai,2016,6,37.4
Mumbai,2016,7,60.5
Mumbai,2016,8,70.0
Mumbai,2016,9,49.5
Mumbai,2016,10,37.4
Mumbai,2016,11,33.7
Mumbai,2016,12,28.9
Mumbai,2017,1,30.8
Mumbai,2017,2,24.5
Mumbai,2017,3,18.9
Mumbai,2017,4,21.5
Mumbai,2017,5,9.3
Mumbai,2017,6,37.5
Mumbai,2017,7,63.6
Mumbai,2017,8,66.9
Mumbai,2017,9,56.6
Mumbai,2017,10,39.0
Mumbai,2017,11,38.2
Mumbai,2017,12,33.0
Mumbai,2018,1,34.0
Mumbai,2018,2,26.7
Mumbai,2018,3,20.7
Mumbai,2018,4,21.3
Mumbai,2018,5,10.6
Mumbai,2018,6,37.7
Mumbai,2018,7,63.7
Mumbai,2018,8,65.5
Mumbai,2018,9,48.8
Mumbai,2018,10,40.3
Mumbai,2018,11,41.3
Mumbai,2018,12,32.0
Mumbai,2019,1,32.0
Mumbai,2019,2,24.0
Mumbai,2019,3,23.4
Mumbai,2019,4,14.1
Mumbai,2019,5,11.2
Mumbai,2019,6,38.1
Mumbai,2019,7,60.5
Mumbai,2019,8,64.7
Mumbai,2019,9,48.7
Mumbai,2019,10,38.5
Mumbai,2019,11,33.5
Mumbai,2019,12,29.0
Mumbai,2020,1,35.2
Mumbai,2020,2,27.0
Mumbai,2020,3,23.0
Mumbai,2020,4,14.4
Mumbai,2020,5,9.7
Mumbai,2020,6,37.3
Mumbai,2020,7,63.8
Mumbai,2020,8,70.3
Mumbai,2020,9,48.0
Mumbai,2020,10,40.4
Mumbai,2020,11,32.6
Mumbai,2020,12,35.3
Mumbai,2021,1,32.0
Mumbai,2021,2,25.9
Mumbai,2021,3,24.8
Mumbai,2021,4,12.4
Mumbai,2021,5,16.3
Mumbai,2021,6,36.4
Mumbai,2021,7,60.5
Mumbai,2021,8,65.9
Mumbai,2021,9,56.0
Mumbai,2021,10,44.5
Mumbai,2021,11,41.8
Mumbai,2021,12,29.3
Mumbai,2022,1,32.9
Mumbai,2022,2,23.3
Mumbai,2022,3,26.4
Mumbai,2022,4,18.3
Mumbai,2022,5,14.4
Mumbai,2022,6,38.4
Mumbai,2022,7,60.2
Mumbai,2022,8,70.7
Mumbai,2022,9,52.6
Mumbai,2022,10,41.2
Mumbai,2022,11,33.9
Mumbai,2022,12,27.3
Mumbai,2023,1,28.5
Mumbai,2023,2,23.7
Mumbai,2023,3,22.9
Mumbai,2023,4,18.9
Mumbai,2023,5,9.0
Mumbai,2023,6,41.0
Mumbai,2023,7,64.3
Mumbai,2023,8,62.0
Mumbai,2023,9,54.4
Mumbai,2023,10,43.3
Mumbai,2023,11,32.2
Mumbai,2023,12,30.3
Mumbai,2024,1,27.2
Mumbai,2024,2,25.5
Mumbai,2024,3,19.8
Mumbai,2024,4,17.6
Mumbai,2024,5,13.2
Mumbai,2024,6,35.7
Mumbai,2024,7,59.9
Mumbai,2024,8,65.8
Mumbai,2024,9,53.7
Mumbai,2024,10,43.8
Mumbai,2024,11,32.2
Mumbai,2024,12,28.2
Chennai,2015,1,29.4
Chennai,2015,2,26.7
Chennai,2015,3,21.4
Chennai,2015,4,12.0
Chennai,2015,5,10.0
Chennai,2015,6,30.7
Chennai,2015,7,58.6
Chennai,2015,8,61.2
Chennai,2015,9,50.6
Chennai,2015,10,38.6
Chennai,2015,11,38.5
Chennai,2015,12,32.6
Chennai,2016,1,25.9
Chennai,2016,2,28.3
Chennai,2016,3,22.7
Chennai,2016,4,16.7
Chennai,2016,5,9.3
Chennai,2016,6,33.4
Chennai,2016,7,62.6
Chennai,2016,8,61.2
Chennai,2016,9,45.1
Chennai,2016,10,41.1
Chennai,2016,11,35.1
Chennai,2016,12,29.9
Chennai,2017,1,34.4
Chennai,2017,2,29.1
Chennai,2017,3,16.1
Chennai,2017,4,14.6
Chennai,2017,5,11.2
Chennai,2017,6,32.6
Chennai,2017,7,57.6
Chennai,2017,8,61.7
Chennai,2017,9,52.9
Chennai,2017,10,44.2
Chennai,2017,11,34.6
Chennai,2017,12,25.4
Chennai,2018,1,27.8
Chennai,2018,2,23.6
Chennai,2018,3,21.3
Chennai,2018,4,17.0
Chennai,2018,5,7.3
Chennai,2018,6,32.8
Chennai,2018,7,60.8
Chennai,2018,8,61.9
Chennai,2018,9,53.4
Chennai,2018,10,39.0
Chennai,2018,11,33.0
Chennai,2018,12,31.1
Chennai,2019,1,33.4
Chennai,2019,2,21.8
Chennai,2019,3,22.8
Chennai,2019,4,19.4
Chennai,2019,5,9.7
Chennai,2019,6,33.2
Chennai,2019,7,55.1
Chennai,2019,8,62.8
Chennai,2019,9,49.6
Chennai,2019,10,34.8
Chennai,2019,11,30.6
Chennai,2019,12,31.6
Chennai,2020,1,31.2
Chennai,2020,2,22.8
Chennai,2020,3,20.6
Chennai,2020,4,11.1
Chennai,2020,5,11.7
Chennai,2020,6,36.2
Chennai,2020,7,58.9
Chennai,2020,8,64.0
Chennai,2020,9,52.0
Chennai,2020,10,35.9
Chennai,2020,11,33.5
Chennai,2020,12,34.0
Chennai,2021,1,30.4
Chennai,2021,2,24.7
Chennai,2021,3,17.2
Chennai,2021,4,18.1
Chennai,2021,5,11.2
Chennai,2021,6,39.0
Chennai,2021,7,56.2
Chennai,2021,8,69.3
Chennai,2021,9,46.3
Chennai,2021,10,39.2
Chennai,2021,11,33.4
Chennai,2021,12,28.3
Chennai,2022,1,29.6
Chennai,2022,2,25.0
Chennai,2022,3,15.9
Chennai,2022,4,14.6
Chennai,2022,5,12.1
Chennai,2022,6,33.0
Chennai,2022,7,64.1
Chennai,2022,8,68.4
Chennai,2022,9,45.3
Chennai,2022,10,39.2
Chennai,2022,11,32.1
Chennai,2022,12,34.0
Chennai,2023,1,31.2
Chennai,2023,2,22.7
Chennai,2023,3,16.0
Chennai,2023,4,18.8
Chennai,2023,5,7.8
Chennai,2023,6,39.0
Chennai,2023,7,61.8
Chennai,2023,8,69.1
Chennai,2023,9,45.1
Chennai,2023,10,37.0
Chennai,2023,11,37.1
Chennai,2023,12,32.9
Chennai,2024,1,25.8
Chennai,2024,2,24.6
Chennai,2024,3,19.9
Chennai,2024,4,12.4
Chennai,2024,5,10.0
Chennai,2024,6,38.8
Chennai,2024,7,56.0
Chennai,2024,8,65.5
Chennai,2024,9,48.8
Chennai,2024,10,44.1
Chennai,2024,11,39.2
Chennai,2024,12,32.4
Bengaluru,2015,1,42.3
Bengaluru,2015,2,36.4
Bengaluru,2015,3,27.3
Bengaluru,2015,4,23.8
Bengaluru,2015,5,22.8
Bengaluru,2015,6,48.1
Bengaluru,2015,7,67.9
Bengaluru,2015,8,69.6
Bengaluru,2015,9,61.8
Bengaluru,2015,10,47.0
Bengaluru,2015,11,42.0
Bengaluru,2015,12,42.9
Bengaluru,2016,1,33.9
Bengaluru,2016,2,33.1
Bengaluru,2016,3,28.8
Bengaluru,2016,4,21.1
Bengaluru,2016,5,22.3
Bengaluru,2016,6,40.3
Bengaluru,2016,7,63.6
Bengaluru,2016,8,76.8
Bengaluru,2016,9,62.3
Bengaluru,2016,10,50.0
Bengaluru,2016,11,45.0
Bengaluru,2016,12,34.8
Bengaluru,2017,1,41.9
Bengaluru,2017,2,35.7
Bengaluru,2017,3,23.6
Bengaluru,2017,4,25.0
Bengaluru,2017,5,20.8
Bengaluru,2017,6,41.0
Bengaluru,2017,7,68.8
Bengaluru,2017,8,69.9
Bengaluru,2017,9,55.7
Bengaluru,2017,10,52.6
Bengaluru,2017,11,42.6
Bengaluru,2017,12,36.5
Bengaluru,2018,1,43.0
Bengaluru,2018,2,38.1
Bengaluru,2018,3,30.9
Bengaluru,2018,4,21.6
Bengaluru,2018,5,21.1
Bengaluru,2018,6,46.8
Bengaluru,2018,7,71.1
Bengaluru,2018,8,74.3
Bengaluru,2018,9,61.1
Bengaluru,2018,10,49.8
Bengaluru,2018,11,45.7
Bengaluru,2018,12,34.8
Bengaluru,2019,1,39.0
Bengaluru,2019,2,35.0
Bengaluru,2019,3,31.0
Bengaluru,2019,4,18.8
Bengaluru,2019,5,19.2
Bengaluru,2019,6,43.7
Bengaluru,2019,7,73.1
Bengaluru,2019,8,72.3
Bengaluru,2019,9,62.1
Bengaluru,2019,10,48.6
Bengaluru,2019,11,38.3
Bengaluru,2019,12,35.1
Bengaluru,2020,1,35.6
Bengaluru,2020,2,33.2
Bengaluru,2020,3,25.9
Bengaluru,2020,4,21.3
Bengaluru,2020,5,22.0
Bengaluru,2020,6,44.6
Bengaluru,2020,7,70.7
Bengaluru,2020,8,75.8
Bengaluru,2020,9,56.1
Bengaluru,2020,10,49.4
Bengaluru,2020,11,46.1
Bengaluru,2020,12,41.1
Bengaluru,2021,1,36.8
Bengaluru,2021,2,34.9
Bengaluru,2021,3,27.4
Bengaluru,2021,4,23.0
Bengaluru,2021,5,17.1
Bengaluru,2021,6,44.1
Bengaluru,2021,7,69.4
Bengaluru,2021,8,73.7
Bengaluru,2021,9,57.0
Bengaluru,2021,10,45.6
Bengaluru,2021,11,39.4
Bengaluru,2021,12,37.6
Bengaluru,2022,1,42.2
Bengaluru,2022,2,37.0
Bengaluru,2022,3,27.0
Bengaluru,2022,4,18.8
Bengaluru,2022,5,21.3
Bengaluru,2022,6,44.8
Bengaluru,2022,7,73.3
Bengaluru,2022,8,77.1
Bengaluru,2022,9,54.1
Bengaluru,2022,10,51.1
Bengaluru,2022,11,43.9
Bengaluru,2022,12,40.3
Bengaluru,2023,1,38.3
Bengaluru,2023,2,32.3
Bengaluru,2023,3,24.9
Bengaluru,2023,4,18.3
Bengaluru,2023,5,20.1
Bengaluru,2023,6,40.0
Bengaluru,2023,7,63.4
Bengaluru,2023,8,71.6
Bengaluru,2023,9,53.7
Bengaluru,2023,10,51.6
Bengaluru,2023,11,41.1
Bengaluru,2023,12,37.7
Bengaluru,2024,1,34.3
Bengaluru,2024,2,37.2
Bengaluru,2024,3,23.5
Bengaluru,2024,4,26.0
Bengaluru,2024,5,22.4
Bengaluru,2024,6,45.5
Bengaluru,2024,7,64.0
Bengaluru,2024,8,70.9
Bengaluru,2024,9,56.5
Bengaluru,2024,10,48.4
Bengaluru,2024,11,40.0
Bengaluru,2024,12,35.4
Hyderabad,2015,1,42.2
Hyderabad,2015,2,40.6
Hyderabad,2015,3,27.9
Hyderabad,2015,4,27.9
Hyderabad,2015,5,19.8
Hyderabad,2015,6,45.3
Hyderabad,2015,7,71.6
Hyderabad,2015,8,74.5
Hyderabad,2015,9,61.5
Hyderabad,2015,10,56.0
Hyderabad,2015,11,50.5
Hyderabad,2015,12,42.7
Hyderabad,2016,1,45.2
Hyderabad,2016,2,37.0
Hyderabad,2016,3,34.0
Hyderabad,2016,4,28.7
Hyderabad,2016,5,20.8
Hyderabad,2016,6,48.9
Hyderabad,2016,7,73.4
Hyderabad,2016,8,72.8
Hyderabad,2016,9,62.4
Hyderabad,2016,10,53.3
Hyderabad,2016,11,42.9
Hyderabad,2016,12,47.3
Hyderabad,2017,1,42.8
Hyderabad,2017,2,35.2
Hyderabad,2017,3,28.5
Hyderabad,2017,4,24.0
Hyderabad,2017,5,21.4
Hyderabad,2017,6,49.1
Hyderabad,2017,7,70.3
Hyderabad,2017,8,80.9
Hyderabad,2017,9,59.9
Hyderabad,2017,10,53.2
Hyderabad,2017,11,48.5
Hyderabad,2017,12,40.1
Hyderabad,2018,1,42.6
Hyderabad,2018,2,34.1
Hyderabad,2018,3,34.4
Hyderabad,2018,4,26.7
Hyderabad,2018,5,19.2
Hyderabad,2018,6,50.5
Hyderabad,2018,7,77.2
Hyderabad,2018,8,74.3
Hyderabad,2018,9,64.6
Hyderabad,2018,10,50.7
Hyderabad,2018,11,52.0
Hyderabad,2018,12,47.4
Hyderabad,2019,1,40.5
Hyderabad,2019,2,33.4
Hyderabad,2019,3,36.1
Hyderabad,2019,4,28.5
Hyderabad,2019,5,26.0
Hyderabad,2019,6,42.5
Hyderabad,2019,7,76.1
Hyderabad,2019,8,78.8
Hyderabad,2019,9,66.9
Hyderabad,2019,10,48.0
Hyderabad,2019,11,43.3
Hyderabad,2019,12,38.3
Hyderabad,2020,1,45.8
Hyderabad,2020,2,38.6
Hyderabad,2020,3,30.8
Hyderabad,2020,4,23.6
Hyderabad,2020,5,18.5
Hyderabad,2020,6,48.1
Hyderabad,2020,7,69.8
Hyderabad,2020,8,74.4
Hyderabad,2020,9,58.9
Hyderabad,2020,10,56.6
Hyderabad,2020,11,49.9
Hyderabad,2020,12,42.9
Hyderabad,2021,1,44.4
Hyderabad,2021,2,39.9
Hyderabad,2021,3,28.6
Hyderabad,2021,4,28.7
Hyderabad,2021,5,25.7
Hyderabad,2021,6,48.3
Hyderabad,2021,7,75.0
Hyderabad,2021,8,72.9
Hyderabad,2021,9,62.3
Hyderabad,2021,10,51.1
Hyderabad,2021,11,52.0
Hyderabad,2021,12,37.5
Hyderabad,2022,1,40.1
Hyderabad,2022,2,32.9
Hyderabad,2022,3,30.4
Hyderabad,2022,4,24.2
Hyderabad,2022,5,23.7
Hyderabad,2022,6,45.0
Hyderabad,2022,7,76.7
Hyderabad,2022,8,79.5
Hyderabad,2022,9,62.6
Hyderabad,2022,10,51.9
Hyderabad,2022,11,48.4
Hyderabad,2022,12,39.1
Hyderabad,2023,1,41.0
Hyderabad,2023,2,35.1
Hyderabad,2023,3,36.2
Hyderabad,2023,4,24.1
Hyderabad,2023,5,22.8
Hyderabad,2023,6,52.0
Hyderabad,2023,7,76.8
Hyderabad,2023,8,77.1
Hyderabad,2023,9,65.3
Hyderabad,2023,10,48.8
Hyderabad,2023,11,45.4
Hyderabad,2023,12,38.4
Hyderabad,2024,1,44.5
Hyderabad,2024,2,34.2
Hyderabad,2024,3,37.2
Hyderabad,2024,4,28.3
Hyderabad,2024,5,25.5
Hyderabad,2024,6,42.7
Hyderabad,2024,7,73.5
Hyderabad,2024,8,80.2
Hyderabad,2024,9,60.8
Hyderabad,2024,10,54.0
Hyderabad,2024,11,50.5
Hyderabad,2024,12,45.5
Kolkata,2015,1,41.1
Kolkata,2015,2,34.2
Kolkata,2015,3,31.1
Kolkata,2015,4,31.2
Kolkata,2015,5,17.8
Kolkata,2015,6,51.5
Kolkata,2015,7,73.1
Kolkata,2015,8,76.3
Kolkata,2015,9,61.3
Kolkata,2015,10,54.7
Kolkata,2015,11,42.7
Kolkata,2015,12,47.1
Kolkata,2016,1,42.1
Kolkata,2016,2,33.4
Kolkata,2016,3,37.4
Kolkata,2016,4,27.3
Kolkata,2016,5,23.8
Kolkata,2016,6,43.8
Kolkata,2016,7,76.2
Kolkata,2016,8,80.3
Kolkata,2016,9,63.2
Kolkata,2016,10,54.3
Kolkata,2016,11,45.9
Kolkata,2016,12,39.7
Kolkata,2017,1,41.8
Kolkata,2017,2,33.7
Kolkata,2017,3,32.9
Kolkata,2017,4,29.8
Kolkata,2017,5,19.7
Kolkata,2017,6,44.4
Kolkata,2017,7,74.4
Kolkata,2017,8,75.8
Kolkata,2017,9,60.8
Kolkata,2017,10,49.5
Kolkata,2017,11,44.7
Kolkata,2017,12,43.3
Kolkata,2018,1,47.4
Kolkata,2018,2,36.2
Kolkata,2018,3,37.3
Kolkata,2018,4,31.7
Kolkata,2018,5,18.0
Kolkata,2018,6,48.9
Kolkata,2018,7,73.0
Kolkata,2018,8,73.7
Kolkata,2018,9,62.3
Kolkata,2018,10,54.5
Kolkata,2018,11,49.0
Kolkata,2018,12,42.2
Kolkata,2019,1,40.9
Kolkata,2019,2,34.1
Kolkata,2019,3,36.6
Kolkata,2019,4,30.5
Kolkata,2019,5,21.1
Kolkata,2019,6,50.1
Kolkata,2019,7,76.0
Kolkata,2019,8,75.6
Kolkata,2019,9,62.1
Kolkata,2019,10,47.9
Kolkata,2019,11,51.5
Kolkata,2019,12,38.2
Kolkata,2020,1,46.7
Kolkata,2020,2,33.4
Kolkata,2020,3,29.6
Kolkata,2020,4,28.9
Kolkata,2020,5,23.3
Kolkata,2020,6,43.3
Kolkata,2020,7,74.3
Kolkata,2020,8,78.8
Kolkata,2020,9,62.0
Kolkata,2020,10,53.1
Kolkata,2020,11,43.2
Kolkata,2020,12,43.5
Kolkata,2021,1,42.6
Kolkata,2021,2,39.3
Kolkata,2021,3,32.4
Kolkata,2021,4,30.2
Kolkata,2021,5,27.4
Kolkata,2021,6,42.6
Kolkata,2021,7,75.2
Kolkata,2021,8,76.1
Kolkata,2021,9,59.8
Kolkata,2021,10,52.8
Kolkata,2021,11,51.5
Kolkata,2021,12,41.5
Kolkata,2022,1,46.7
Kolkata,2022,2,41.3
Kolkata,2022,3,35.4
Kolkata,2022,4,28.9
Kolkata,2022,5,22.8
Kolkata,2022,6,50.8
Kolkata,2022,7,72.5
Kolkata,2022,8,73.5
Kolkata,2022,9,62.3
Kolkata,2022,10,55.7
Kolkata,2022,11,51.7
Kolkata,2022,12,40.3
Kolkata,2023,1,38.7
Kolkata,2023,2,41.5
Kolkata,2023,3,35.0
Kolkata,2023,4,31.4
Kolkata,2023,5,18.3
Kolkata,2023,6,45.9
Kolkata,2023,7,77.2
Kolkata,2023,8,82.0
Kolkata,2023,9,63.5
Kolkata,2023,10,51.7
Kolkata,2023,11,49.3
Kolkata,2023,12,47.1
Kolkata,2024,1,47.2
Kolkata,2024,2,36.3
Kolkata,2024,3,30.9
Kolkata,2024,4,31.6
Kolkata,2024,5,20.1
Kolkata,2024,6,49.1
Kolkata,2024,7,73.6
Kolkata,2024,8,75.4
Kolkata,2024,9,64.9
Kolkata,2024,10,49.4
Kolkata,2024,11,48.8
Kolkata,2024,12,46.6
Jaipur,2015,1,41.3
Jaipur,2015,2,30.9
Jaipur,2015,3,26.3
Jaipur,2015,4,20.2
Jaipur,2015,5,15.7
Jaipur,2015,6,37.2
Jaipur,2015,7,65.7
Jaipur,2015,8,74.6
Jaipur,2015,9,51.9
Jaipur,2015,10,43.5
Jaipur,2015,11,43.5
Jaipur,2015,12,36.1
Jaipur,2016,1,36.9
Jaipur,2016,2,27.7
Jaipur,2016,3,25.5
Jaipur,2016,4,22.7
Jaipur,2016,5,14.8
Jaipur,2016,6,43.2
Jaipur,2016,7,62.1
Jaipur,2016,8,76.3
Jaipur,2016,9,55.2
Jaipur,2016,10,43.4
Jaipur,2016,11,45.6
Jaipur,2016,12,31.7
Jaipur,2017,1,37.5
Jaipur,2017,2,27.6
Jaipur,2017,3,23.3
Jaipur,2017,4,20.6
Jaipur,2017,5,17.6
Jaipur,2017,6,38.2
Jaipur,2017,7,68.1
Jaipur,2017,8,76.0
Jaipur,2017,9,60.2
Jaipur,2017,10,45.2
Jaipur,2017,11,43.5
Jaipur,2017,12,37.3
Jaipur,2018,1,40.9
Jaipur,2018,2,29.0
Jaipur,2018,3,22.2
Jaipur,2018,4,21.4
Jaipur,2018,5,21.5
Jaipur,2018,6,38.0
Jaipur,2018,7,62.4
Jaipur,2018,8,69.5
Jaipur,2018,9,61.2
Jaipur,2018,10,48.3
Jaipur,2018,11,38.3
Jaipur,2018,12,34.9
Jaipur,2019,1,39.7
Jaipur,2019,2,29.6
Jaipur,2019,3,24.9
Jaipur,2019,4,19.4
Jaipur,2019,5,13.7
Jaipur,2019,6,39.3
Jaipur,2019,7,70.6
Jaipur,2019,8,67.9
Jaipur,2019,9,54.0
Jaipur,2019,10,49.7
Jaipur,2019,11,38.9
Jaipur,2019,12,41.5
Jaipur,2020,1,32.4
Jaipur,2020,2,27.1
Jaipur,2020,3,29.3
Jaipur,2020,4,16.6
Jaipur,2020,5,17.3
Jaipur,2020,6,45.9
Jaipur,2020,7,70.8
Jaipur,2020,8,74.3
Jaipur,2020,9,54.8
Jaipur,2020,10,44.5
Jaipur,2020,11,40.4
Jaipur,2020,12,36.6
Jaipur,2021,1,40.6
Jaipur,2021,2,26.9
Jaipur,2021,3,30.1
Jaipur,2021,4,21.4
Jaipur,2021,5,17.3
Jaipur,2021,6,39.6
Jaipur,2021,7,66.4
Jaipur,2021,8,76.3
Jaipur,2021,9,59.3
Jaipur,2021,10,43.4
Jaipur,2021,11,37.9
Jaipur,2021,12,36.1
Jaipur,2022,1,32.2
Jaipur,2022,2,35.0
Jaipur,2022,3,21.6
Jaipur,2022,4,21.4
Jaipur,2022,5,19.8
Jaipur,2022,6,43.8
Jaipur,2022,7,67.8
Jaipur,2022,8,74.3
Jaipur,2022,9,60.3
Jaipur,2022,10,45.9
Jaipur,2022,11,44.4
Jaipur,2022,12,32.9
Jaipur,2023,1,41.3
Jaipur,2023,2,32.9
Jaipur,2023,3,23.8
Jaipur,2023,4,24.5
Jaipur,2023,5,16.1
Jaipur,2023,6,40.1
Jaipur,2023,7,62.4
Jaipur,2023,8,76.3
Jaipur,2023,9,61.2
Jaipur,2023,10,46.9
Jaipur,2023,11,39.1
Jaipur,2023,12,32.8
Jaipur,2024,1,33.7
Jaipur,2024,2,32.4
Jaipur,2024,3,26.7
Jaipur,2024,4,19.8
Jaipur,2024,5,18.7
Jaipur,2024,6,38.9
Jaipur,2024,7,66.6
Jaipur,2024,8,75.1
Jaipur,2024,9,55.9
Jaipur,2024,10,50.4
Jaipur,2024,11,40.8
Jaipur,2024,12,39.3
Ahmedabad,2015,1,29.6
Ahmedabad,2015,2,20.3
Ahmedabad,2015,3,22.2
Ahmedabad,2015,4,14.7
Ahmedabad,2015,5,11.4
Ahmedabad,2015,6,27.9
Ahmedabad,2015,7,59.7
Ahmedabad,2015,8,59.8
Ahmedabad,2015,9,52.5
Ahmedabad,2015,10,42.4
Ahmedabad,2015,11,32.2
Ahmedabad,2015,12,26.3
Ahmedabad,2016,1,24.6
Ahmedabad,2016,2,20.0
Ahmedabad,2016,3,18.3
Ahmedabad,2016,4,14.5
Ahmedabad,2016,5,3.2
Ahmedabad,2016,6,28.1
Ahmedabad,2016,7,56.3
Ahmedabad,2016,8,58.7
Ahmedabad,2016,9,45.5
Ahmedabad,2016,10,33.8
Ahmedabad,2016,11,36.5
Ahmedabad,2016,12,27.8
Ahmedabad,2017,1,28.7
Ahmedabad,2017,2,26.5
Ahmedabad,2017,3,13.4
Ahmedabad,2017,4,11.7
Ahmedabad,2017,5,5.5
Ahmedabad,2017,6,27.8
Ahmedabad,2017,7,62.5
Ahmedabad,2017,8,61.4
Ahmedabad,2017,9,48.6
Ahmedabad,2017,10,35.5
Ahmedabad,2017,11,33.3
Ahmedabad,2017,12,29.6
Ahmedabad,2018,1,24.6
Ahmedabad,2018,2,18.5
Ahmedabad,2018,3,17.6
Ahmedabad,2018,4,9.7
Ahmedabad,2018,5,2.9
Ahmedabad,2018,6,34.4
Ahmedabad,2018,7,54.9
Ahmedabad,2018,8,65.3
Ahmedabad,2018,9,42.9
Ahmedabad,2018,10,34.5
Ahmedabad,2018,11,35.8
Ahmedabad,2018,12,27.6
Ahmedabad,2019,1,26.0
Ahmedabad,2019,2,23.1
Ahmedabad,2019,3,21.2
Ahmedabad,2019,4,12.9
Ahmedabad,2019,5,8.8
Ahmedabad,2019,6,29.6
Ahmedabad,2019,7,56.0
Ahmedabad,2019,8,61.2
Ahmedabad,2019,9,48.3
Ahmedabad,2019,10,33.1
Ahmedabad,2019,11,29.5
Ahmedabad,2019,12,23.8
Ahmedabad,2020,1,27.1
Ahmedabad,2020,2,18.7
Ahmedabad,2020,3,21.9
Ahmedabad,2020,4,15.5
Ahmedabad,2020,5,12.0
Ahmedabad,2020,6,28.6
Ahmedabad,2020,7,52.8
Ahmedabad,2020,8,59.6
Ahmedabad,2020,9,48.7
Ahmedabad,2020,10,41.2
Ahmedabad,2020,11,32.7
Ahmedabad,2020,12,30.5
Ahmedabad,2021,1,32.0
Ahmedabad,2021,2,21.7
Ahmedabad,2021,3,17.1
Ahmedabad,2021,4,7.7
Ahmedabad,2021,5,11.6
Ahmedabad,2021,6,28.4
Ahmedabad,2021,7,56.2
Ahmedabad,2021,8,62.7
Ahmedabad,2021,9,43.7
Ahmedabad,2021,10,33.3
Ahmedabad,2021,11,31.3
Ahmedabad,2021,12,30.9
Ahmedabad,2022,1,24.6
Ahmedabad,2022,2,19.0
Ahmedabad,2022,3,15.6
Ahmedabad,2022,4,13.1
Ahmedabad,2022,5,7.2
Ahmedabad,2022,6,37.0
Ahmedabad,2022,7,56.8
Ahmedabad,2022,8,62.3
Ahmedabad,2022,9,51.4
Ahmedabad,2022,10,34.3
Ahmedabad,2022,11,29.3
Ahmedabad,2022,12,31.9
Ahmedabad,2023,1,27.6
Ahmedabad,2023,2,21.6
Ahmedabad,2023,3,13.3
Ahmedabad,2023,4,13.3
Ahmedabad,2023,5,9.8
Ahmedabad,2023,6,36.0
Ahmedabad,2023,7,54.3
Ahmedabad,2023,8,64.4
Ahmedabad,2023,9,44.2
Ahmedabad,2023,10,37.1
Ahmedabad,2023,11,31.9
Ahmedabad,2023,12,27.0
Ahmedabad,2024,1,25.2
Ahmedabad,2024,2,23.8
Ahmedabad,2024,3,18.4
Ahmedabad,2024,4,15.6
Ahmedabad,2024,5,7.0
Ahmedabad,2024,6,36.5
Ahmedabad,2024,7,55.6
Ahmedabad,2024,8,57.7
Ahmedabad,2024,9,50.0
Ahmedabad,2024,10,38.0
Ahmedabad,2024,11,32.6
Ahmedabad,2024,12,22.8
Pune,2015,1,36.2
Pune,2015,2,29.0
Pune,2015,3,18.7
Pune,2015,4,12.2
Pune,2015,5,16.2
Pune,2015,6,39.9
Pune,2015,7,58.9
Pune,2015,8,67.0
Pune,2015,9,50.8
Pune,2015,10,37.1
Pune,2015,11,38.4
Pune,2015,12,31.3
Pune,2016,1,29.3
Pune,2016,2,27.7
Pune,2016,3,21.8
Pune,2016,4,13.6
Pune,2016,5,11.2
Pune,2016,6,35.1
Pune,2016,7,66.4
Pune,2016,8,70.1
Pune,2016,9,56.3
Pune,2016,10,37.7
Pune,2016,11,37.5
Pune,2016,12,36.3
Pune,2017,1,27.6
Pune,2017,2,23.2
Pune,2017,3,18.7
Pune,2017,4,15.9
Pune,2017,5,8.0
Pune,2017,6,40.5
Pune,2017,7,64.0
Pune,2017,8,62.7
Pune,2017,9,51.4
Pune,2017,10,43.3
Pune,2017,11,38.5
Pune,2017,12,29.9
Pune,2018,1,27.1
Pune,2018,2,30.2
Pune,2018,3,23.8
Pune,2018,4,15.8
Pune,2018,5,12.4
Pune,2018,6,37.7
Pune,2018,7,62.7
Pune,2018,8,63.9
Pune,2018,9,54.6
Pune,2018,10,38.9
Pune,2018,11,40.4
Pune,2018,12,29.4
Pune,2019,1,27.9
Pune,2019,2,24.4
Pune,2019,3,17.5
Pune,2019,4,20.0
Pune,2019,5,8.8
Pune,2019,6,39.5
Pune,2019,7,57.4
Pune,2019,8,63.4
Pune,2019,9,48.1
Pune,2019,10,44.0
Pune,2019,11,39.4
Pune,2019,12,34.1
Pune,2020,1,28.5
Pune,2020,2,25.5
Pune,2020,3,16.7
Pune,2020,4,19.0
Pune,2020,5,8.0
Pune,2020,6,35.8
Pune,2020,7,65.7
Pune,2020,8,70.3
Pune,2020,9,49.3
Pune,2020,10,43.3
Pune,2020,11,33.8
Pune,2020,12,29.6
Pune,2021,1,36.0
Pune,2021,2,31.7
Pune,2021,3,26.4
Pune,2021,4,16.7
Pune,2021,5,16.7
Pune,2021,6,36.9
Pune,2021,7,62.0
Pune,2021,8,70.7
Pune,2021,9,55.6
Pune,2021,10,40.3
Pune,2021,11,36.2
Pune,2021,12,29.2
Pune,2022,1,33.5
Pune,2022,2,22.4
Pune,2022,3,23.4
Pune,2022,4,19.1
Pune,2022,5,14.2
Pune,2022,6,37.1
Pune,2022,7,65.7
Pune,2022,8,65.5
Pune,2022,9,50.3
Pune,2022,10,38.9
Pune,2022,11,38.2
Pune,2022,12,32.9
Pune,2023,1,35.9
Pune,2023,2,28.4
Pune,2023,3,22.9
Pune,2023,4,18.8
Pune,2023,5,9.0
Pune,2023,6,35.2
Pune,2023,7,60.9
Pune,2023,8,67.0
Pune,2023,9,53.7
Pune,2023,10,39.7
Pune,2023,11,37.5
Pune,2023,12,32.0
Pune,2024,1,34.0
Pune,2024,2,24.6
Pune,2024,3,26.7
Pune,2024,4,12.3
Pune,2024,5,13.5
Pune,2024,6,38.5
Pune,2024,7,58.3
Pune,2024,8,70.5
Pune,2024,9,47.0
Pune,2024,10,38.2
Pune,2024,11,37.9
Pune,2024,12,30.1
Kochi,2015,1,33.6
Kochi,2015,2,26.7
Kochi,2015,3,24.4
Kochi,2015,4,17.2
Kochi,2015,5,12.3
Kochi,2015,6,32.7
Kochi,2015,7,63.5
Kochi,2015,8,66.5
Kochi,2015,9,56.1
Kochi,2015,10,47.2
Kochi,2015,11,35.3
Kochi,2015,12,28.8
Kochi,2016,1,33.6
Kochi,2016,2,22.7
Kochi,2016,3,21.8
Kochi,2016,4,13.2
Kochi,2016,5,16.9
Kochi,2016,6,37.5
Kochi,2016,7,64.7
Kochi,2016,8,70.3
Kochi,2016,9,56.1
Kochi,2016,10,42.6
Kochi,2016,11,33.4
Kochi,2016,12,28.8
Kochi,2017,1,35.0
Kochi,2017,2,28.2
Kochi,2017,3,22.2
Kochi,2017,4,21.4
Kochi,2017,5,13.9
Kochi,2017,6,40.6
Kochi,2017,7,60.9
Kochi,2017,8,67.4
Kochi,2017,9,55.3
Kochi,2017,10,42.8
Kochi,2017,11,36.7
Kochi,2017,12,29.8
Kochi,2018,1,28.9
Kochi,2018,2,27.5
Kochi,2018,3,23.2
Kochi,2018,4,21.6
Kochi,2018,5,12.9
Kochi,2018,6,37.5
Kochi,2018,7,66.3
Kochi,2018,8,68.2
Kochi,2018,9,50.2
Kochi,2018,10,43.2
Kochi,2018,11,33.3
Kochi,2018,12,27.9
Kochi,2019,1,28.5
Kochi,2019,2,26.9
Kochi,2019,3,19.1
Kochi,2019,4,18.9
Kochi,2019,5,13.5
Kochi,2019,6,38.6
Kochi,2019,7,65.8
Kochi,2019,8,70.2
Kochi,2019,9,48.8
Kochi,2019,10,37.5
Kochi,2019,11,39.5
Kochi,2019,12,34.2
Kochi,2020,1,33.8
Kochi,2020,2,26.1
Kochi,2020,3,26.5
Kochi,2020,4,20.4
Kochi,2020,5,8.4
Kochi,2020,6,32.6
Kochi,2020,7,62.9
Kochi,2020,8,70.9
Kochi,2020,9,49.7
Kochi,2020,10,43.0
Kochi,2020,11,42.1
Kochi,2020,12,32.9
Kochi,2021,1,30.2
Kochi,2021,2,29.0
Kochi,2021,3,21.8
Kochi,2021,4,15.5
Kochi,2021,5,11.6
Kochi,2021,6,38.5
Kochi,2021,7,65.7
Kochi,2021,8,69.7
Kochi,2021,9,56.6
Kochi,2021,10,43.9
Kochi,2021,11,39.9
Kochi,2021,12,34.7
Kochi,2022,1,29.5
Kochi,2022,2,22.4
Kochi,2022,3,21.7
Kochi,2022,4,16.6
Kochi,2022,5,12.2
Kochi,2022,6,35.7
Kochi,2022,7,62.1
Kochi,2022,8,63.6
Kochi,2022,9,53.7
Kochi,2022,10,46.8
Kochi,2022,11,34.6
Kochi,2022,12,33.9
Kochi,2023,1,29.6
Kochi,2023,2,28.7
Kochi,2023,3,23.8
Kochi,2023,4,15.7
Kochi,2023,5,10.2
Kochi,2023,6,38.7
Kochi,2023,7,58.4
Kochi,2023,8,71.0
Kochi,2023,9,57.0
Kochi,2023,10,39.4
Kochi,2023,11,36.2
Kochi,2023,12,34.5
Kochi,2024,1,32.7
Kochi,2024,2,31.6
Kochi,2024,3,27.1
Kochi,2024,4,17.1
Kochi,2024,5,15.4
Kochi,2024,6,41.4
Kochi,2024,7,63.8
Kochi,2024,8,62.5
Kochi,2024,9,57.2
Kochi,2024,10,46.4
Kochi,2024,11,35.6
Kochi,2024,12,32.1
Lucknow,2015,1,32.9
Lucknow,2015,2,30.6
Lucknow,2015,3,26.4
Lucknow,2015,4,15.4
Lucknow,2015,5,13.3
Lucknow,2015,6,42.8
Lucknow,2015,7,67.8
Lucknow,2015,8,66.0
Lucknow,2015,9,54.2
Lucknow,2015,10,45.8
Lucknow,2015,11,41.3
Lucknow,2015,12,37.7
Lucknow,2016,1,32.3
Lucknow,2016,2,30.8
Lucknow,2016,3,24.5
Lucknow,2016,4,16.3
Lucknow,2016,5,14.0
Lucknow,2016,6,39.7
Lucknow,2016,7,68.1
Lucknow,2016,8,66.7
Lucknow,2016,9,58.2
Lucknow,2016,10,42.3
Lucknow,2016,11,39.9
Lucknow,2016,12,36.5
Lucknow,2017,1,32.7
Lucknow,2017,2,25.1
Lucknow,2017,3,23.6
Lucknow,2017,4,16.4
Lucknow,2017,5,12.8
Lucknow,2017,6,34.6
Lucknow,2017,7,62.5
Lucknow,2017,8,70.2
Lucknow,2017,9,56.0
Lucknow,2017,10,41.7
Lucknow,2017,11,38.9
Lucknow,2017,12,30.2
Lucknow,2018,1,38.3
Lucknow,2018,2,28.3
Lucknow,2018,3,25.2
Lucknow,2018,4,20.3
Lucknow,2018,5,10.1
Lucknow,2018,6,41.9
Lucknow,2018,7,67.3
Lucknow,2018,8,69.0
Lucknow,2018,9,54.1
Lucknow,2018,10,47.0
Lucknow,2018,11,39.3
Lucknow,2018,12,30.1
Lucknow,2019,1,38.4
Lucknow,2019,2,32.8
Lucknow,2019,3,22.5
Lucknow,2019,4,23.8
Lucknow,2019,5,12.6
Lucknow,2019,6,36.1
Lucknow,2019,7,64.1
Lucknow,2019,8,69.6
Lucknow,2019,9,51.7
Lucknow,2019,10,39.4
Lucknow,2019,11,41.0
Lucknow,2019,12,36.2
Lucknow,2020,1,30.4
Lucknow,2020,2,33.5
Lucknow,2020,3,28.1
Lucknow,2020,4,18.7
Lucknow,2020,5,15.6
Lucknow,2020,6,41.9
Lucknow,2020,7,60.4
Lucknow,2020,8,73.3
Lucknow,2020,9,57.6
Lucknow,2020,10,48.1
Lucknow,2020,11,41.7
Lucknow,2020,12,29.2
Lucknow,2021,1,35.9
Lucknow,2021,2,29.9
Lucknow,2021,3,20.6
Lucknow,2021,4,20.3
Lucknow,2021,5,13.8
Lucknow,2021,6,37.8
Lucknow,2021,7,64.3
Lucknow,2021,8,68.9
Lucknow,2021,9,50.0
Lucknow,2021,10,48.1
Lucknow,2021,11,38.3
Lucknow,2021,12,29.7
Lucknow,2022,1,34.7
Lucknow,2022,2,29.4
Lucknow,2022,3,24.8
Lucknow,2022,4,19.1
Lucknow,2022,5,11.1
Lucknow,2022,6,42.7
Lucknow,2022,7,66.2
Lucknow,2022,8,73.1
Lucknow,2022,9,55.1
Lucknow,2022,10,48.2
Lucknow,2022,11,43.2
Lucknow,2022,12,39.0
Lucknow,2023,1,36.1
Lucknow,2023,2,33.0
Lucknow,2023,3,23.0
Lucknow,2023,4,22.1
Lucknow,2023,5,12.1
Lucknow,2023,6,35.6
Lucknow,2023,7,60.0
Lucknow,2023,8,70.6
Lucknow,2023,9,50.4
Lucknow,2023,10,39.6
Lucknow,2023,11,39.7
Lucknow,2023,12,37.4
Lucknow,2024,1,30.4
Lucknow,2024,2,28.9
Lucknow,2024,3,22.6
Lucknow,2024,4,20.4
Lucknow,2024,5,17.7
Lucknow,2024,6,39.1
Lucknow,2024,7,66.5
Lucknow,2024,8,65.7
Lucknow,2024,9,56.6
Lucknow,2024,10,45.2
Lucknow,2024,11,35.1
Lucknow,2024,12,30.5
Gandhinagar,2015,1,34.9
Gandhinagar,2015,2,33.6
Gandhinagar,2015,3,25.4
Gandhinagar,2015,4,16.4
Gandhinagar,2015,5,16.2
Gandhinagar,2015,6,38.6
Gandhinagar,2015,7,60.8
Gandhinagar,2015,8,74.9
Gandhinagar,2015,9,52.4
Gandhinagar,2015,10,49.9
Gandhinagar,2015,11,36.8
Gandhinagar,2015,12,39.9
Gandhinagar,2016,1,33.8
Gandhinagar,2016,2,34.6
Gandhinagar,2016,3,22.0
Gandhinagar,2016,4,23.3
Gandhinagar,2016,5,16.4
Gandhinagar,2016,6,42.7
Gandhinagar,2016,7,63.5
Gandhinagar,2016,8,68.6
Gandhinagar,2016,9,53.2
Gandhinagar,2016,10,40.9
Gandhinagar,2016,11,35.7
Gandhinagar,2016,12,32.8
Gandhinagar,2017,1,30.6
Gandhinagar,2017,2,26.2
Gandhinagar,2017,3,22.5
Gandhinagar,2017,4,20.2
Gandhinagar,2017,5,18.5
Gandhinagar,2017,6,41.6
Gandhinagar,2017,7,65.8
Gandhinagar,2017,8,74.9
Gandhinagar,2017,9,53.3
Gandhinagar,2017,10,50.1
Gandhinagar,2017,11,36.4
Gandhinagar,2017,12,35.5
Gandhinagar,2018,1,34.0
Gandhinagar,2018,2,31.8
Gandhinagar,2018,3,23.2
Gandhinagar,2018,4,20.8
Gandhinagar,2018,5,13.1
Gandhinagar,2018,6,37.5
Gandhinagar,2018,7,61.8
Gandhinagar,2018,8,67.4
Gandhinagar,2018,9,55.5
Gandhinagar,2018,10,49.8
Gandhinagar,2018,11,35.7
Gandhinagar,2018,12,38.1
Gandhinagar,2019,1,38.8
Gandhinagar,2019,2,27.5
Gandhinagar,2019,3,25.9
Gandhinagar,2019,4,17.8
Gandhinagar,2019,5,16.3
Gandhinagar,2019,6,39.8
Gandhinagar,2019,7,67.3
Gandhinagar,2019,8,75.3
Gandhinagar,2019,9,54.6
Gandhinagar,2019,10,47.5
Gandhinagar,2019,11,36.7
Gandhinagar,2019,12,38.4
Gandhinagar,2020,1,36.1
Gandhinagar,2020,2,33.1
Gandhinagar,2020,3,26.7
Gandhinagar,2020,4,17.4
Gandhinagar,2020,5,10.8
Gandhinagar,2020,6,41.7
Gandhinagar,2020,7,62.5
Gandhinagar,2020,8,74.0
Gandhinagar,2020,9,51.8
Gandhinagar,2020,10,50.0
Gandhinagar,2020,11,40.9
Gandhinagar,2020,12,32.8
Gandhinagar,2021,1,32.9
Gandhinagar,2021,2,33.5
Gandhinagar,2021,3,30.1
Gandhinagar,2021,4,24.1
Gandhinagar,2021,5,13.9
Gandhinagar,2021,6,38.5
Gandhinagar,2021,7,69.7
Gandhinagar,2021,8,74.2
Gandhinagar,2021,9,51.7
Gandhinagar,2021,10,48.7
Gandhinagar,2021,11,35.5
Gandhinagar,2021,12,35.0
Gandhinagar,2022,1,33.0
Gandhinagar,2022,2,28.7
Gandhinagar,2022,3,24.7
Gandhinagar,2022,4,23.8
Gandhinagar,2022,5,19.2
Gandhinagar,2022,6,44.0
Gandhinagar,2022,7,68.0
Gandhinagar,2022,8,68.7
Gandhinagar,2022,9,52.9
Gandhinagar,2022,10,46.9
Gandhinagar,2022,11,43.8
Gandhinagar,2022,12,30.4
Gandhinagar,2023,1,39.0
Gandhinagar,2023,2,34.5
Gandhinagar,2023,3,24.7
Gandhinagar,2023,4,19.4
Gandhinagar,2023,5,19.1
Gandhinagar,2023,6,44.8
Gandhinagar,2023,7,65.9
Gandhinagar,2023,8,67.9
Gandhinagar,2023,9,54.7
Gandhinagar,2023,10,46.9
Gandhinagar,2023,11,39.9
Gandhinagar,2023,12,33.9
Gandhinagar,2024,1,37.3
Gandhinagar,2024,2,31.4
Gandhinagar,2024,3,28.7
Gandhinagar,2024,4,17.9
Gandhinagar,2024,5,15.3
Gandhinagar,2024,6,43.5
Gandhinagar,2024,7,68.4
Gandhinagar,2024,8,73.3
Gandhinagar,2024,9,54.8
Gandhinagar,2024,10,47.0
Gandhinagar,2024,11,45.2
Gandhinagar,2024,12,35.7
Bhopal,2015,1,36.1
Bhopal,2015,2,30.1
Bhopal,2015,3,22.4
Bhopal,2015,4,16.2
Bhopal,2015,5,13.9
Bhopal,2015,6,37.9
Bhopal,2015,7,65.2
Bhopal,2015,8,63.7
Bhopal,2015,9,55.9
Bhopal,2015,10,42.8
Bhopal,2015,11,33.4
Bhopal,2015,12,32.3
Bhopal,2016,1,30.9
Bhopal,2016,2,27.4
Bhopal,2016,3,22.6
Bhopal,2016,4,15.8
Bhopal,2016,5,16.3
Bhopal,2016,6,35.6
Bhopal,2016,7,61.8
Bhopal,2016,8,64.2
Bhopal,2016,9,51.4
Bhopal,2016,10,37.7
Bhopal,2016,11,37.8
Bhopal,2016,12,35.5
Bhopal,2017,1,35.2
Bhopal,2017,2,25.4
Bhopal,2017,3,24.1
Bhopal,2017,4,20.7
Bhopal,2017,5,8.3
Bhopal,2017,6,32.6
Bhopal,2017,7,58.7
Bhopal,2017,8,62.4
Bhopal,2017,9,56.3
Bhopal,2017,10,40.7
Bhopal,2017,11,40.9
Bhopal,2017,12,27.1
Bhopal,2018,1,26.5
Bhopal,2018,2,24.6
Bhopal,2018,3,21.2
Bhopal,2018,4,14.5
Bhopal,2018,5,13.4
Bhopal,2018,6,32.3
Bhopal,2018,7,57.9
Bhopal,2018,8,62.2
Bhopal,2018,9,48.4
Bhopal,2018,10,36.6
Bhopal,2018,11,38.7
Bhopal,2018,12,29.7
Bhopal,2019,1,29.1
Bhopal,2019,2,31.3
Bhopal,2019,3,24.3
Bhopal,2019,4,17.1
Bhopal,2019,5,6.7
Bhopal,2019,6,39.5
Bhopal,2019,7,66.1
Bhopal,2019,8,70.5
Bhopal,2019,9,49.4
Bhopal,2019,10,40.2
Bhopal,2019,11,36.4
Bhopal,2019,12,30.8
Bhopal,2020,1,28.9
Bhopal,2020,2,26.0
Bhopal,2020,3,20.6
Bhopal,2020,4,15.9
Bhopal,2020,5,14.3
Bhopal,2020,6,34.6
Bhopal,2020,7,57.3
Bhopal,2020,8,64.1
Bhopal,2020,9,52.7
Bhopal,2020,10,36.6
Bhopal,2020,11,38.1
Bhopal,2020,12,34.3
Bhopal,2021,1,30.6
Bhopal,2021,2,24.5
Bhopal,2021,3,19.1
Bhopal,2021,4,20.3
Bhopal,2021,5,13.1
Bhopal,2021,6,36.1
Bhopal,2021,7,63.8
Bhopal,2021,8,66.2
Bhopal,2021,9,50.7
Bhopal,2021,10,37.6
Bhopal,2021,11,34.3
Bhopal,2021,12,33.0
Bhopal,2022,1,30.6
Bhopal,2022,2,27.2
Bhopal,2022,3,21.3
Bhopal,2022,4,18.1
Bhopal,2022,5,9.9
Bhopal,2022,6,39.0
Bhopal,2022,7,62.4
Bhopal,2022,8,65.0
Bhopal,2022,9,52.9
Bhopal,2022,10,44.6
Bhopal,2022,11,38.6
Bhopal,2022,12,27.9
Bhopal,2023,1,33.8
Bhopal,2023,2,23.4
Bhopal,2023,3,19.1
Bhopal,2023,4,18.1
Bhopal,2023,5,12.6
Bhopal,2023,6,40.2
Bhopal,2023,7,60.6
Bhopal,2023,8,61.5
Bhopal,2023,9,52.1
Bhopal,2023,10,41.7
Bhopal,2023,11,37.5
Bhopal,2023,12,35.0
Bhopal,2024,1,33.9
Bhopal,2024,2,28.5
Bhopal,2024,3,17.1
Bhopal,2024,4,13.4
Bhopal,2024,5,7.9
Bhopal,2024,6,41.0
Bhopal,2024,7,60.4
Bhopal,2024,8,69.4
Bhopal,2024,9,54.6
Bhopal,2024,10,37.5
Bhopal,2024,11,40.3
Bhopal,2024,12,27.4
Raipur,2015,1,34.2
Raipur,2015,2,33.7
Raipur,2015,3,25.3
Raipur,2015,4,23.5
Raipur,2015,5,14.9
Raipur,2015,6,43.2
Raipur,2015,7,65.8
Raipur,2015,8,68.9
Raipur,2015,9,59.3
Raipur,2015,10,40.9
Raipur,2015,11,44.2
Raipur,2015,12,38.7
Raipur,2016,1,34.2
Raipur,2016,2,26.3
Raipur,2016,3,27.0
Raipur,2016,4,18.6
Raipur,2016,5,10.5
Raipur,2016,6,44.3
Raipur,2016,7,60.5
Raipur,2016,8,71.0
Raipur,2016,9,57.4
Raipur,2016,10,40.7
Raipur,2016,11,37.9
Raipur,2016,12,30.0
Raipur,2017,1,37.8
Raipur,2017,2,34.5
Raipur,2017,3,27.6
Raipur,2017,4,20.9
Raipur,2017,5,14.9
Raipur,2017,6,35.6
Raipur,2017,7,65.4
Raipur,2017,8,68.7
Raipur,2017,9,51.0
Raipur,2017,10,47.9
Raipur,2017,11,37.6
Raipur,2017,12,30.3
Raipur,2018,1,38.9
Raipur,2018,2,32.1
Raipur,2018,3,29.6
Raipur,2018,4,17.7
Raipur,2018,5,11.0
Raipur,2018,6,36.5
Raipur,2018,7,67.0
Raipur,2018,8,68.2
Raipur,2018,9,54.6
Raipur,2018,10,49.0
Raipur,2018,11,36.6
Raipur,2018,12,33.3
Raipur,2019,1,32.2
Raipur,2019,2,28.9
Raipur,2019,3,23.2
Raipur,2019,4,19.5
Raipur,2019,5,18.6
Raipur,2019,6,40.8
Raipur,2019,7,62.5
Raipur,2019,8,74.5
Raipur,2019,9,56.4
Raipur,2019,10,44.1
Raipur,2019,11,37.2
Raipur,2019,12,38.3
Raipur,2020,1,31.9
Raipur,2020,2,27.6
Raipur,2020,3,22.2
Raipur,2020,4,22.5
Raipur,2020,5,15.7
Raipur,2020,6,42.4
Raipur,2020,7,66.8
Raipur,2020,8,65.5
Raipur,2020,9,57.6
Raipur,2020,10,42.1
Raipur,2020,11,43.2
Raipur,2020,12,32.5
Raipur,2021,1,31.3
Raipur,2021,2,25.1
Raipur,2021,3,24.4
Raipur,2021,4,16.6
Raipur,2021,5,10.5
Raipur,2021,6,44.0
Raipur,2021,7,62.9
Raipur,2021,8,70.8
Raipur,2021,9,53.6
Raipur,2021,10,47.8
Raipur,2021,11,41.6
Raipur,2021,12,30.0
Raipur,2022,1,33.7
Raipur,2022,2,27.4
Raipur,2022,3,22.9
Raipur,2022,4,17.4
Raipur,2022,5,15.1
Raipur,2022,6,44.4
Raipur,2022,7,65.8
Raipur,2022,8,70.9
Raipur,2022,9,51.8
Raipur,2022,10,47.7
Raipur,2022,11,40.6
Raipur,2022,12,30.7
Raipur,2023,1,36.1
Raipur,2023,2,26.7
Raipur,2023,3,20.9
Raipur,2023,4,17.5
Raipur,2023,5,15.2
Raipur,2023,6,44.3
Raipur,2023,7,60.5
Raipur,2023,8,66.3
Raipur,2023,9,59.7
Raipur,2023,10,46.6
Raipur,2023,11,37.1
Raipur,2023,12,39.0
Raipur,2024,1,39.7
Raipur,2024,2,28.6
Raipur,2024,3,24.6
Raipur,2024,4,16.9
Raipur,2024,5,18.0
Raipur,2024,6,42.1
Raipur,2024,7,63.8
Raipur,2024,8,73.9
Raipur,2024,9,58.4
Raipur,2024,10,49.5
Raipur,2024,11,36.3
Raipur,2024,12,31.0
Guwahati,2015,1,39.8
Guwahati,2015,2,27.2
Guwahati,2015,3,22.8
Guwahati,2015,4,21.9
Guwahati,2015,5,19.8
Guwahati,2015,6,42.8
Guwahati,2015,7,66.6
Guwahati,2015,8,68.7
Guwahati,2015,9,56.8
Guwahati,2015,10,43.1
Guwahati,2015,11,38.8
Guwahati,2015,12,32.5
Guwahati,2016,1,38.0
Guwahati,2016,2,31.6
Guwahati,2016,3,23.6
Guwahati,2016,4,18.2
Guwahati,2016,5,15.2
Guwahati,2016,6,39.3
Guwahati,2016,7,62.5
Guwahati,2016,8,72.3
Guwahati,2016,9,60.1
Guwahati,2016,10,43.9
Guwahati,2016,11,42.2
Guwahati,2016,12,32.1
Guwahati,2017,1,40.7
Guwahati,2017,2,28.2
Guwahati,2017,3,30.1
Guwahati,2017,4,26.5
Guwahati,2017,5,20.0
Guwahati,2017,6,43.1
Guwahati,2017,7,71.1
Guwahati,2017,8,69.0
Guwahati,2017,9,57.6
Guwahati,2017,10,49.8
Guwahati,2017,11,45.4
Guwahati,2017,12,32.2
Guwahati,2018,1,35.2
Guwahati,2018,2,28.4
Guwahati,2018,3,23.0
Guwahati,2018,4,16.9
Guwahati,2018,5,18.8
Guwahati,2018,6,44.1
Guwahati,2018,7,71.2
Guwahati,2018,8,69.7
Guwahati,2018,9,58.5
Guwahati,2018,10,44.0
Guwahati,2018,11,45.2
Guwahati,2018,12,40.8
Guwahati,2019,1,36.1
Guwahati,2019,2,27.1
Guwahati,2019,3,23.3
Guwahati,2019,4,21.0
Guwahati,2019,5,13.9
Guwahati,2019,6,42.8
Guwahati,2019,7,64.5
Guwahati,2019,8,69.3
Guwahati,2019,9,59.6
Guwahati,2019,10,45.0
Guwahati,2019,11,42.0
Guwahati,2019,12,35.7
Guwahati,2020,1,32.8
Guwahati,2020,2,36.4
Guwahati,2020,3,24.5
Guwahati,2020,4,26.2
Guwahati,2020,5,21.4
Guwahati,2020,6,39.9
Guwahati,2020,7,66.5
Guwahati,2020,8,75.7
Guwahati,2020,9,56.5
Guwahati,2020,10,43.7
Guwahati,2020,11,45.5
Guwahati,2020,12,33.9
Guwahati,2021,1,33.0
Guwahati,2021,2,33.0
Guwahati,2021,3,23.8
Guwahati,2021,4,20.7
Guwahati,2021,5,15.6
Guwahati,2021,6,44.1
Guwahati,2021,7,67.7
Guwahati,2021,8,76.5
Guwahati,2021,9,52.5
Guwahati,2021,10,47.3
Guwahati,2021,11,41.1
Guwahati,2021,12,32.6
Guwahati,2022,1,32.0
Guwahati,2022,2,36.7
Guwahati,2022,3,23.9
Guwahati,2022,4,20.0
Guwahati,2022,5,14.8
Guwahati,2022,6,42.6
Guwahati,2022,7,69.7
Guwahati,2022,8,74.2
Guwahati,2022,9,58.8
Guwahati,2022,10,45.8
Guwahati,2022,11,38.7
Guwahati,2022,12,36.6
Guwahati,2023,1,35.7
Guwahati,2023,2,36.5
Guwahati,2023,3,26.4
Guwahati,2023,4,18.2
Guwahati,2023,5,16.0
Guwahati,2023,6,45.2
Guwahati,2023,7,68.0
Guwahati,2023,8,75.6
Guwahati,2023,9,58.5
Guwahati,2023,10,49.4
Guwahati,2023,11,40.3
Guwahati,2023,12,34.7
Guwahati,2024,1,38.9
Guwahati,2024,2,33.0
Guwahati,2024,3,22.6
Guwahati,2024,4,22.7
Guwahati,2024,5,20.0
Guwahati,2024,6,39.8
Guwahati,2024,7,66.5
Guwahati,2024,8,71.4
Guwahati,2024,9,60.7
Guwahati,2024,10,42.1
Guwahati,2024,11,45.6
Guwahati,2024,12,35.4
